ord-20260506-220240,p-j-101,1ord-20260506-220240,p-j-102,2ord-20260506-220244,p-j-105,2ord-20260506-221017,p-j-101,1
ord-20260506-221017,p-j-102,2
ord-20260506-221020,p-j-105,2
ord-20260513-140802,p-j-101,1
ord-20260513-140802,p-j-102,2
ord-20260513-140802,p-j-106,2
ord-20260513-140802,p-j-105,1
ord-20260513-140819,p-j-102,1
ord-20260513-140819,p-j-106,1
ord-20260513-140819,p-j-107,1
ord-20260513-143523,p-j-101,1
ord-20260513-143523,p-j-102,2
ord-20260513-143523,p-j-104,1
ord-20260513-143523,p-j-105,1
ord-20260513-143523,p-j-106,3
ord-20260525-202101,p-j-101,1
ord-20260525-202101,p-j-102,2
ord-20260525-202101,p-j-104,1
ord-20260525-202101,p-j-107,1
ord-20260525-210443,p-j-101,1
ord-20260525-210443,p-j-102,2
ord-20260525-213842,p-b-101,1
ord-20260525-213842,p-b-102,2
ord-20260525-213842,p-b-103,1
ord-20260525-213842,p-b-104,1
ord-20260525-221028,p-b-110,14
ord-20260525-221028,p-b-101,1
ord-20260525-221028,p-b-102,1
ord-20260525-221028,p-b-103,1
ord-20260525-221028,p-b-106,1
ord-20260525-221028,p-b-105,1
ord-20260525-221028,p-b-104,1
ord-20260525-221028,p-b-107,1
ord-20260525-221028,p-b-108,1
ord-20260525-221028,p-b-109,4
ord-20260525-222452,p-b-101,1
ord-20260525-222452,p-b-102,2
ord-20260525-222452,p-b-103,1
ord-20260525-222452,p-b-104,1
ord-20260525-222452,p-b-109,1
ord-20260525-222452,p-b-110,1
ord-20260623-220702,p-b-101,2
ord-20260623-220702,p-b-102,2
ord-20260623-220702,p-b-103,1
ord-20260623-220702,p-b-104,1
ord-20260623-221520,p-b-101,1
ord-20260623-221536,p-b-102,2
ord-20260623-221536,p-b-103,1
ord-20260623-221536,p-b-101,1
ord-20260623-222259,p-b-101,1
ord-20260623-222259,p-b-102,2
ord-20260623-222259,p-b-103,1
ord-20260623-222259,p-b-104,1
ord-20260623-222304,p-b-101,1
ord-20260623-222304,p-b-102,2
ord-20260623-222304,p-b-103,1
ord-20260623-222304,p-b-104,1
ord-20260623-222539,p-b-101,1
ord-20260623-222539,p-b-102,2
ord-20260623-222539,p-b-103,1
ord-20260623-222539,p-b-104,1
ord-20260623-222547,p-b-101,2
ord-20260623-222547,p-b-102,3
ord-20260623-222547,p-b-103,1
ord-20260623-222547,p-b-104,2
ord-20260623-222547,p-b-106,1
ord-20260623-222557,p-b-101,4
ord-20260623-222557,p-b-102,6
ord-20260623-222557,p-b-103,2
ord-20260623-222557,p-b-104,4
ord-20260623-222557,p-b-105,3
ord-20260623-222557,p-b-106,1
ord-20260623-222557,p-b-107,1
ord-20260623-222557,p-b-108,1
