ord-20260506-221017,2026-05-06 22:10:17,340,customer-101
ord-20260506-221020,2026-05-06 22:10:20,170,customer-101
ord-20260513-140802,2026-05-13 14:08:02,640,customer-101
ord-20260513-140819,2026-05-13 14:08:19,300,customer-101
ord-20260513-143523,2026-05-13 14:35:23,840,customer-101
ord-20260525-202101,2026-05-25 20:21:01,560,customer-101
ord-20260525-210443,2026-05-25 21:04:43,340,customer-101
ord-20260525-213842,2026-05-25 21:38:42,200,customer-101
ord-20260525-221028,2026-05-25 22:10:28,785,customer-101
ord-20260525-222452,2026-05-25 22:24:52,245,customer-101
